[
  {
    "title": "Personal Portfolio",
    "tagline": "A personal portfolio site to showcase my projects, skills, and experience.",
    "year": 2023,
    "badges": [
      "Next.js",
      "Typescript",
      "Javascript",
      "Tailwind CSS",
      "React",
      "Vercel"
    ],
    "github_url": "https://github.com/vivek9patel/basic-personal-portfolio",
    "demo_url": "",
    "stars": 0,
    "priority": 2,
    "category": "Web Project"
  },
  {
    "title": "Visualizing Fabric of Ohio City",
    "tagline": "A Data-visulization project to highlight volunteers’ characteristics, social activities, and predominant business base.",
    "year": 2023,
    "badges": [
      "D3",
      "Javascript",
      "Material UI",
      "React",
      "Flask",
      "Azure",
      "Postgre"
    ],
    "github_url": "https://github.com/vivek9patel/CSE-578-Project-Frontend",
    "demo_url": "https://cse-578-project-frontend.vercel.app",
    "stars": 0,
    "priority": 5,
    "category": "Web Project"
  },
  {
    "title": "VScode CSS Compatibility",
    "tagline": "A VS Code extension to check which CSS sytaxes are compatible or supported with all browsers and their versions.",
    "year": 2024,
    "badges": [
      "Vscode Extension",
      "Typescript",
      "Javascript",
      "CSS",
      "Markdown"
    ],
    "github_url": "https://github.com/vivek9patel/vscode-css-compatibility",
    "demo_url": "https://marketplace.visualstudio.com/items?itemName=vivek9patel.vscode-css-compatibility",
    "stars": 0,
    "priority": 3,
    "category": "VS Code Extension"
  },
  {
    "title": "Code-Connect: Interview Tool",
    "tagline": "A platform for interviews with features of video meetings, an online language compiler, and a whiteboard.",
    "year": 2022,
    "badges": ["React", "Chakra UI", "Express", "MongoDB", "Docker", "AWS"],
    "github_url": "https://github.com/vivek9patel/CodeConnect-frontend",
    "demo_url": "https://codeconnect.vercel.app/",
    "stars": 0,
    "priority": 4,
    "category": "Web Project"
  },
  {
    "title": "Web Simulation of UbuntuOS",
    "tagline": "A virtual simulation of Ubuntu 20.04 operating system on web.",
    "year": 2021,
    "badges": ["Next.js", "Javascript", "Tailwind CSS", "Vercel"],
    "github_url": "https://github.com/vivek9patel/vivek9patel.github.io",
    "demo_url": "https://vivek9patel.github.io",
    "stars": 0,
    "priority": 6,
    "category": "Web Project"
  },
  {
    "title": "Meditech Healthcare Webapp",
    "tagline": "A web app for disease diagnosis from x-ray images.",
    "year": 2020,
    "badges": ["Javascript", "Tensorflow", "Firebase", "SCSS", "Auth0"],
    "github_url": "https://github.com/vivek9patel/Meditech-Healthcare",
    "demo_url": "https://meditech-healthcare.web.app/user.html",
    "stars": 0,
    "priority": 0,
    "category": "Web Project"
  },
  {
    "title": "Ad-free-spotify",
    "tagline": "Chrome extension to automatically mute/unmute Spotify tab when Advertisement starts and ends.",
    "year": 2021,
    "badges": ["Javascript", "Chrome extension"],
    "github_url": "https://github.com/vivek9patel/ad-free-spotify",
    "demo_url": "",
    "stars": 0,
    "priority": 0,
    "category": "Web Project"
  },
  {
    "title": "Economist.com-unlocked",
    "tagline": "A chrome extension to read Paid Articles for Free & with no Ads, no subscription, no memberships!",
    "year": 2021,
    "badges": ["Javascript", "Chrome extension"],
    "github_url": "https://github.com/vivek9patel/economist.com-unlocked",
    "demo_url": "",
    "stars": 0,
    "priority": 3,
    "category": "Web Project"
  },
  {
    "title": "Transaction Management Application",
    "tagline": "Flutter application that allows for the creation of transactions between different users with history of transactions.",
    "year": 2021,
    "badges": ["Flutter", "Dart", "Firebase Authentication", "Firestore"],
    "github_url": "https://github.com/vivek9patel/flutter-banking-app",
    "demo_url": "https://github.com/vivek9patel/flutter-banking-app/releases/download/1.0.0/app-release.apk",
    "stars": 0,
    "priority": 1,
    "category": "Web Project"
  },
  {
    "title": "CPU Scheduling Tasks Visualiser",
    "tagline": "React-Native framework to visualize the behavior of 8 preemtive and nonpreemtive CPU scheduling algorithms.",
    "year": 2020,
    "badges": ["React Native", "JavaScript", "Expo"],
    "github_url": "https://github.com/vivek9patel/CPU-Scheduling-APP-React-Native",
    "demo_url": "https://cpuscheduling-app.web.app/",
    "stars": 0,
    "priority": 2,
    "category": "Web Project"
  },
  {
    "title": "Gre Word List",
    "tagline": "A list of all words from the Barron's GRE Word List, with meanings and examples.",
    "year": 2022,
    "badges": ["React", "JavaScript", "Chakra UI", "Auth0"],
    "github_url": "https://github.com/vivek9patel/gre-words-list",
    "demo_url": "https://gre-words-list.vercel.app/",
    "stars": 0,
    "priority": 0,
    "category": "Web Project"
  },
  {
    "title": "Space Lust",
    "tagline": "A data visualization project to visualize the data of NASA's exoplanet archive.",
    "year": 2023,
    "badges": ["React", "JavaScript", "D3", "Tailwind CSS"],
    "github_url": "https://github.com/vivek9patel/Space-lust-data-visuaization",
    "demo_url": "https://space-lust-data-visuaization.vercel.app/",
    "stars": 0,
    "priority": 0,
    "category": "Web Project"
  },
  {
    "title": "Narration of Sugar Consumption in the US",
    "tagline": "A data visualization project to narrate opposite views of sugar consumption in the United State's different states.",
    "year": 2023,
    "badges": ["React", "JavaScript", "D3", "Tailwind CSS"],
    "github_url": "https://github.com/vivek9patel/Sugar-consumption-data-visulization",
    "demo_url": "https://sugar-consumption-data-visulization.vercel.app/",
    "stars": 0,
    "priority": 0,
    "category": "Web Project"
  },
  {
    "title": "YT Productive",
    "tagline": "A chrome extension that helps you by keeping you productive when you are learning from YouTube.",
    "year": 2020,
    "badges": ["JavaScript", "Chrome extension"],
    "github_url": "https://github.com/vivek9patel/YT-productive",
    "demo_url": "",
    "stars": 0,
    "priority": 0,
    "category": "Web Project"
  },
  {
    "title": "React Boilerplate for Chrome Extension",
    "tagline": "A boilerplate code to build a chrome extension with react and webpack.",
    "year": 2021,
    "badges": ["React", "Webpack", "JavaScript", "Chrome extension"],
    "github_url": "https://github.com/vivek9patel/chrome-extension-react-boilerplate",
    "demo_url": "",
    "stars": 0,
    "priority": 0,
    "category": "Web Project"
  },
  {
    "title": "Improve Codeforces",
    "tagline": "Django web application to suggest practice problems from the areas in which the user struggles to get accepted in code forces.",
    "year": 2020,
    "badges": ["Python", "Django", "Codeforces API"],
    "github_url": "https://github.com/vivek9patel/Improve-Codeforces",
    "demo_url": "",
    "stars": 0,
    "priority": 0,
    "category": "Web Project"
  },
  {
    "title": "Face detection using JAVA",
    "tagline": "JAVA program to detect faces from given input images using the java-OpenCV library with a GUI.",
    "year": 2020,
    "badges": ["Java", "OpenCV"],
    "github_url": "https://github.com/vivek9patel/Face-detection-using-JAVA-with-GUI",
    "demo_url": "",
    "stars": 0,
    "priority": 0,
    "category": "Web Project"
  },
  {
    "title": "Screen Recorder using Python",
    "tagline": "Python program to record screen and take a screen shot using OpenCV-python library with Tkinter GUI.",
    "year": 2020,
    "badges": ["Python", "OpenCV", "Tkinter"],
    "github_url": "https://github.com/vivek9patel/screen-recorder-using-python",
    "demo_url": "",
    "stars": 0,
    "priority": 0,
    "category": "Web Project"
  },
  {
    "title": "Currency Converter Using Python",
    "tagline": "This python projects uses api to get current exchange rates of different currencies and can convert it into another with the help of GUI.",
    "year": 2020,
    "badges": ["Python", "Tkinter"],
    "github_url": "https://github.com/vivek9patel/Currency-Converter-Using-Python",
    "demo_url": "",
    "stars": 0,
    "priority": 0,
    "category": "Web Project"
  }
]
